FID;SID;X;Y;Z;Radius
0;0;20.000;10.000;-0.000;0.500
0;0;19.600;11.600;-0.200;0.473
0;0;19.200;13.200;-0.300;0.448
0;0;18.800;14.700;-0.400;0.425
0;0;18.500;16.200;-0.500;0.404
0;0;18.200;17.600;-0.600;0.385
0;0;17.900;19.000;-0.700;0.367
0;0;17.700;20.400;-0.700;0.351
0;0;17.500;21.700;-0.700;0.337
0;0;17.300;23.000;-0.700;0.324
0;0;17.200;24.200;-0.700;0.313
0;0;17.000;25.400;-0.700;0.304
0;0;16.900;26.600;-0.700;0.296
0;0;16.900;27.700;-0.600;0.289
0;0;16.800;28.800;-0.500;0.284
0;0;16.800;29.800;-0.400;0.280
0;0;16.800;30.800;-0.300;0.278
0;0;16.900;31.800;-0.200;0.277
0;0;16.900;32.800;-0.100;0.277
0;0;17.000;33.700;0.100;0.279
0;0;17.100;34.600;0.200;0.282
0;0;17.200;35.400;0.400;0.286
0;0;17.400;36.300;0.600;0.291
0;0;17.600;37.000;0.800;0.298
0;0;17.800;37.800;1.000;0.305
0;0;18.000;38.500;1.200;0.314
0;0;18.200;39.200;1.400;0.323
0;0;18.500;39.900;1.700;0.334
0;0;18.800;40.600;1.900;0.346
0;0;19.100;41.200;2.200;0.358
0;0;19.400;41.800;2.500;0.371
0;0;19.700;42.400;2.800;0.386
0;0;20.100;42.900;3.000;0.401
0;0;20.500;43.500;3.300;0.417
0;0;20.900;44.000;3.700;0.433
0;0;21.300;44.500;4.000;0.450
0;0;21.700;44.900;4.300;0.468
0;0;22.200;45.400;4.600;0.487
0;0;22.600;45.800;5.000;0.506
0;0;23.100;46.200;5.300;0.526
0;0;23.600;46.600;5.700;0.542
0;1;23.600;46.600;5.700;0.542
0;1;23.900;46.100;6.000;0.529
0;1;24.200;45.600;6.400;0.516
0;1;24.500;45.100;6.700;0.505
0;1;24.800;44.600;7.000;0.494
0;1;25.100;44.200;7.300;0.484
0;1;25.400;43.700;7.600;0.475
0;1;25.800;43.200;7.900;0.467
0;1;26.100;42.800;8.200;0.459
0;1;26.500;42.300;8.500;0.453
0;1;26.800;41.900;8.800;0.447
0;1;27.200;41.400;9.000;0.441
0;1;27.500;41.000;9.300;0.436
0;1;27.900;40.500;9.600;0.432
0;1;28.200;40.100;9.800;0.429
0;1;28.600;39.700;10.100;0.426
0;1;29.000;39.300;10.300;0.424
0;1;29.400;38.800;10.600;0.422
0;1;29.800;38.400;10.800;0.422
0;1;30.200;38.000;11.100;0.421
0;1;30.600;37.600;11.300;0.421
0;1;31.000;37.200;11.500;0.422
0;1;31.400;36.800;11.700;0.423
0;1;31.800;36.400;11.900;0.425
0;1;32.200;36.000;12.200;0.427
0;1;32.700;35.600;12.400;0.429
0;1;33.100;35.300;12.600;0.433
0;1;33.500;34.900;12.800;0.436
0;1;34.000;34.500;13.000;0.440
0;1;34.400;34.200;13.100;0.444
0;1;34.900;33.800;13.300;0.449
0;1;35.300;33.400;13.500;0.454
0;1;35.800;33.100;13.700;0.459
0;1;36.300;32.700;13.800;0.465
0;1;36.700;32.400;14.000;0.471
0;1;37.200;32.000;14.200;0.477
0;1;37.700;31.700;14.300;0.484
0;1;38.100;31.300;14.500;0.490
0;1;38.600;31.000;14.600;0.497
0;1;39.100;30.700;14.800;0.505
0;1;39.600;30.400;14.900;0.512
0;1;40.100;30.000;15.000;0.520
0;1;40.600;29.700;15.200;0.528
0;1;41.100;29.400;15.300;0.536
0;1;41.600;29.100;15.400;0.544
0;1;42.100;28.800;15.600;0.552
0;1;42.600;28.400;15.700;0.560
0;1;43.100;28.100;15.800;0.569
0;1;43.600;27.800;15.900;0.577
0;1;44.200;27.500;16.000;0.586
0;1;44.700;27.200;16.100;0.594
0;1;45.200;26.900;16.200;0.603
0;1;45.700;26.700;16.300;0.612
0;1;46.300;26.400;16.400;0.620
0;1;46.800;26.100;16.500;0.629
0;1;47.300;25.800;16.600;0.637
0;1;47.900;25.500;16.700;0.646
0;1;48.400;25.200;16.800;0.654
0;1;49.000;25.000;16.900;0.662
0;1;49.500;24.700;16.900;0.670
0;1;50.100;24.400;17.000;0.678
0;1;50.600;24.100;17.100;0.686
0;1;51.200;23.900;17.200;0.694
0;1;51.700;23.600;17.200;0.701
0;1;52.300;23.300;17.300;0.708
0;1;52.800;23.100;17.300;0.715
0;1;53.400;22.800;17.400;0.722
0;1;53.900;22.600;17.500;0.729
0;1;54.500;22.300;17.500;0.735
0;1;55.100;22.000;17.600;0.741
0;1;55.600;21.800;17.600;0.747
0;1;56.200;21.500;17.700;0.752
0;1;56.800;21.300;17.700;0.757
0;1;57.300;21.000;17.800;0.762
0;1;57.900;20.800;17.800;0.766
0;1;58.500;20.500;17.900;0.770
0;1;59.100;20.300;17.900;0.773
0;1;59.600;20.100;17.900;0.776
0;1;60.200;19.800;18.000;0.779
0;1;60.800;19.600;18.000;0.781
0;1;61.300;19.300;18.100;0.783
0;1;61.900;19.100;18.100;0.784
0;1;62.500;18.900;18.100;0.785
0;1;63.100;18.600;18.100;0.785
0;1;63.700;18.400;18.200;0.785
0;1;64.200;18.200;18.200;0.785
0;1;64.800;17.900;18.200;0.784
0;1;65.400;17.700;18.300;0.783
0;1;66.000;17.500;18.300;0.781
0;1;66.600;17.300;18.300;0.780
0;1;67.100;17.000;18.300;0.777
0;1;67.700;16.800;18.400;0.775
0;1;68.300;16.600;18.400;0.772
0;1;68.900;16.400;18.400;0.769
0;1;69.500;16.200;18.400;0.765
0;1;70.100;16.000;18.500;0.761
0;1;70.600;15.700;18.500;0.757
0;1;71.200;15.500;18.500;0.753
0;1;71.800;15.300;18.500;0.748
0;1;72.400;15.100;18.600;0.743
0;1;73.000;14.900;18.600;0.738
0;1;73.600;14.700;18.600;0.732
0;1;74.100;14.500;18.600;0.726
0;1;74.700;14.300;18.700;0.720
0;1;75.300;14.100;18.700;0.714
0;1;75.900;13.900;18.700;0.708
0;1;76.500;13.700;18.800;0.701
0;1;77.100;13.500;18.800;0.694
0;1;77.700;13.400;18.800;0.687
0;1;78.200;13.200;18.900;0.680
0;1;78.800;13.000;18.900;0.673
0;1;79.400;12.800;18.900;0.665
0;1;80.000;12.600;19.000;0.657
0;1;80.600;12.500;19.000;0.649
0;1;81.200;12.300;19.100;0.641
0;1;81.800;12.100;19.100;0.633
0;1;82.400;12.000;19.200;0.625
0;1;82.900;11.800;19.200;0.617
0;1;83.500;11.600;19.300;0.608
0;1;84.100;11.500;19.300;0.600
0;1;84.700;11.300;19.400;0.591
0;1;85.300;11.200;19.400;0.582
0;1;85.900;11.000;19.500;0.573
0;1;86.400;10.900;19.600;0.565
0;1;87.000;10.700;19.600;0.556
0;1;87.600;10.600;19.700;0.547
0;1;88.200;10.400;19.800;0.538
0;1;88.800;10.300;19.800;0.529
0;1;89.400;10.200;19.900;0.520
0;1;89.900;10.000;20.000;0.511
0;1;90.500;9.900;20.100;0.502
0;1;91.100;9.800;20.200;0.493
0;1;91.700;9.700;20.300;0.484
0;1;92.300;9.600;20.400;0.475
0;1;92.800;9.500;20.500;0.466
0;1;93.400;9.300;20.600;0.457
0;1;94.000;9.200;20.700;0.448
0;1;94.600;9.100;20.800;0.440
0;1;95.200;9.000;20.900;0.431
0;1;95.700;8.900;21.000;0.422
0;1;96.300;8.900;21.200;0.414
0;1;96.900;8.800;21.300;0.405
0;1;97.500;8.700;21.400;0.397
0;1;98.000;8.600;21.600;0.389
0;1;98.600;8.500;21.700;0.381
0;1;99.200;8.400;21.900;0.373
0;1;99.700;8.400;22.000;0.365
0;1;100.300;8.300;22.200;0.358
0;1;100.900;8.200;22.400;0.350
0;1;101.400;8.200;22.500;0.343
0;1;102.000;8.100;22.700;0.336
0;1;102.600;8.100;22.900;0.329
0;1;103.100;8.000;23.100;0.323
0;1;103.700;8.000;23.300;0.316
0;1;104.300;8.000;23.500;0.310
0;1;104.800;7.900;23.700;0.304
0;1;105.400;7.900;23.900;0.298
0;1;105.900;7.900;24.100;0.293
0;1;106.500;7.800;24.300;0.287
0;1;107.100;7.800;24.500;0.282
0;1;107.600;7.800;24.800;0.277
0;1;108.200;7.800;25.000;0.273
0;1;108.700;7.800;25.300;0.269
0;1;109.300;7.800;25.500;0.265
0;1;109.800;7.800;25.800;0.261
0;1;110.400;7.800;26.100;0.258
0;1;110.900;7.800;26.300;0.255
0;1;111.500;7.800;26.600;0.253
0;1;112.000;7.900;26.900;0.250
0;1;112.500;7.900;27.200;0.248
0;1;113.100;7.900;27.500;0.247
0;1;113.600;8.000;27.800;0.246
0;1;114.200;8.000;28.100;0.245
0;1;114.700;8.000;28.500;0.244
0;1;115.200;8.100;28.800;0.244
0;1;115.800;8.100;29.100;0.245
0;1;116.300;8.200;29.500;0.246
0;1;116.800;8.300;29.900;0.247
0;1;117.300;8.300;30.200;0.248
0;1;117.900;8.400;30.600;0.251
0;1;118.400;8.500;31.000;0.253
0;1;118.900;8.600;31.400;0.256
0;1;119.400;8.700;31.800;0.260
0;1;120.000;8.800;32.200;0.263
0;1;120.500;8.900;32.600;0.268
0;1;121.000;9.000;33.000;0.273
0;1;121.500;9.100;33.500;0.278
0;1;122.000;9.200;33.900;0.284
0;1;122.500;9.300;34.400;0.291
0;1;123.000;9.400;34.800;0.298
0;1;123.500;9.600;35.300;0.305
0;1;124.000;9.700;35.800;0.313
0;1;124.500;9.800;36.300;0.322
0;1;125.000;10.000;36.800;0.331
0;1;125.500;10.100;37.300;0.341
0;1;126.000;10.300;37.800;0.351
0;1;126.500;10.500;38.300;0.362
0;1;127.000;10.600;38.900;0.374
0;1;127.500;10.800;39.400;0.386
0;1;128.000;11.000;40.000;0.399
0;2;23.600;46.600;5.700;0.542
0;2;24.100;47.000;6.100;0.568
0;2;24.600;47.400;6.400;0.589
0;2;25.200;47.700;6.800;0.611
0;2;25.700;48.000;7.200;0.633
0;2;26.300;48.300;7.600;0.656
0;2;26.900;48.600;8.000;0.679
0;2;27.400;48.900;8.300;0.702
0;2;28.000;49.200;8.700;0.725
0;2;28.700;49.400;9.100;0.749
0;2;29.300;49.700;9.500;0.773
0;2;29.900;49.900;10.000;0.797
0;2;30.500;50.200;10.400;0.821
0;2;31.200;50.400;10.800;0.846
0;2;31.900;50.600;11.200;0.870
0;2;32.500;50.800;11.600;0.895
0;2;33.200;51.000;12.000;0.919
0;2;33.900;51.200;12.400;0.943
0;2;34.600;51.400;12.800;0.968
0;2;35.300;51.600;13.300;0.992
0;2;36.000;51.700;13.700;1.016
0;2;36.700;51.900;14.100;1.040
0;2;37.400;52.100;14.500;1.063
0;2;38.100;52.200;14.900;1.087
0;2;38.800;52.400;15.300;1.110
0;2;39.600;52.600;15.700;1.132
0;2;40.300;52.700;16.100;1.155
0;2;41.000;52.900;16.500;1.177
0;2;41.700;53.100;16.900;1.198
0;2;42.500;53.300;17.300;1.220
0;2;43.200;53.400;17.700;1.240
0;2;44.000;53.600;18.100;1.260
0;2;44.700;53.800;18.500;1.280
0;2;45.500;54.000;18.900;1.299
0;2;46.200;54.200;19.200;1.317
0;2;46.900;54.400;19.600;1.335
0;2;47.700;54.600;20.000;1.351
0;2;48.400;54.800;20.300;1.368
0;2;49.200;55.000;20.700;1.383
0;2;49.900;55.300;21.000;1.398
0;2;50.600;55.500;21.400;1.411
0;3;50.600;55.500;21.400;1.411
0;3;51.400;55.800;21.600;1.425
0;3;52.100;56.000;21.800;1.438
0;3;52.900;56.300;22.000;1.451
0;3;53.600;56.500;22.100;1.464
0;3;54.400;56.600;22.300;1.477
0;3;55.100;56.800;22.500;1.489
0;3;55.900;56.900;22.700;1.501
0;3;56.600;57.000;22.800;1.514
0;3;57.400;57.000;23.000;1.526
0;3;58.100;57.100;23.200;1.537
0;3;58.800;57.100;23.300;1.549
0;3;59.600;57.100;23.500;1.560
0;3;60.300;57.100;23.600;1.571
0;3;61.000;57.000;23.700;1.582
0;3;61.800;57.000;23.900;1.593
0;3;62.500;56.900;24.000;1.604
0;3;63.200;56.800;24.100;1.614
0;3;64.000;56.700;24.200;1.625
0;3;64.700;56.500;24.400;1.635
0;3;65.400;56.400;24.500;1.644
0;3;66.100;56.200;24.600;1.654
0;3;66.900;56.000;24.700;1.663
0;3;67.600;55.800;24.800;1.673
0;3;68.300;55.500;24.900;1.682
0;3;69.000;55.300;25.000;1.691
0;3;69.700;55.000;25.100;1.699
0;3;70.400;54.800;25.200;1.708
0;3;71.200;54.500;25.200;1.716
0;3;71.900;54.200;25.300;1.724
0;3;72.600;53.900;25.400;1.732
0;3;73.300;53.600;25.500;1.739
0;3;74.000;53.200;25.500;1.747
0;3;74.700;52.900;25.600;1.754
0;3;75.400;52.500;25.600;1.761
0;3;76.100;52.100;25.700;1.767
0;3;76.800;51.800;25.800;1.774
0;3;77.500;51.400;25.800;1.780
0;3;78.200;51.000;25.900;1.786
0;3;78.900;50.600;25.900;1.792
0;3;79.600;50.200;26.000;1.798
0;3;80.300;49.700;26.000;1.803
0;3;81.000;49.300;26.000;1.808
0;3;81.700;48.900;26.100;1.813
0;3;82.400;48.400;26.100;1.818
0;3;83.100;48.000;26.200;1.823
0;3;83.800;47.500;26.200;1.827
0;3;84.500;47.100;26.200;1.831
0;3;85.200;46.600;26.200;1.835
0;3;85.800;46.200;26.300;1.839
0;3;86.500;45.700;26.300;1.842
0;3;87.200;45.200;26.300;1.845
0;3;87.900;44.800;26.300;1.848
0;3;88.600;44.300;26.400;1.851
0;3;89.300;43.800;26.400;1.854
0;3;89.900;43.400;26.400;1.856
0;3;90.600;42.900;26.400;1.858
0;3;91.300;42.400;26.400;1.860
0;3;92.000;41.900;26.400;1.861
0;3;92.700;41.500;26.400;1.863
0;3;93.300;41.000;26.400;1.864
0;3;94.000;40.500;26.500;1.865
0;3;94.700;40.100;26.500;1.865
0;3;95.400;39.600;26.500;1.866
0;3;96.000;39.200;26.500;1.866
0;3;96.700;38.700;26.500;1.866
0;3;97.400;38.300;26.500;1.865
0;3;98.000;37.900;26.500;1.865
0;3;98.700;37.400;26.500;1.864
0;3;99.400;37.000;26.500;1.863
0;3;100.000;36.600;26.500;1.862
0;3;100.700;36.200;26.500;1.860
0;3;101.400;35.800;26.500;1.858
0;3;102.000;35.400;26.500;1.856
0;3;102.700;35.000;26.500;1.854
0;3;103.400;34.600;26.500;1.851
0;3;104.000;34.300;26.600;1.849
0;3;104.700;33.900;26.600;1.846
0;3;105.400;33.600;26.600;1.842
0;3;106.000;33.300;26.600;1.839
0;3;106.700;33.000;26.600;1.835
0;3;107.300;32.700;26.600;1.831
0;3;108.000;32.400;26.600;1.826
0;3;108.600;32.100;26.600;1.822
0;3;109.300;31.800;26.600;1.817
0;3;110.000;31.600;26.600;1.812
0;3;110.600;31.400;26.600;1.806
0;3;111.300;31.100;26.700;1.801
0;3;111.900;31.000;26.700;1.795
0;3;112.600;30.800;26.700;1.789
0;3;113.200;30.600;26.700;1.782
0;3;113.900;30.500;26.700;1.776
0;3;114.500;30.300;26.800;1.769
0;3;115.200;30.200;26.800;1.762
0;3;115.800;30.100;26.800;1.754
0;3;116.500;30.100;26.800;1.746
0;3;117.100;30.000;26.900;1.738
0;3;117.800;30.000;26.900;1.730
0;3;118.400;30.000;26.900;1.721
0;3;119.100;30.000;27.000;1.713
0;3;119.700;30.100;27.000;1.703
0;3;120.400;30.100;27.000;1.694
0;3;121.000;30.200;27.100;1.684
0;3;121.700;30.300;27.100;1.674
0;3;122.300;30.400;27.200;1.664
0;3;122.900;30.600;27.200;1.654
0;3;123.600;30.800;27.300;1.643
0;3;124.200;31.000;27.300;1.632
0;3;124.900;31.200;27.400;1.621
0;3;125.500;31.400;27.400;1.610
0;3;126.100;31.700;27.500;1.598
0;3;126.800;32.000;27.500;1.587
0;3;127.400;32.300;27.600;1.575
0;3;128.000;32.600;27.700;1.563
0;3;128.600;32.900;27.700;1.551
0;3;129.300;33.300;27.800;1.538
0;3;129.900;33.600;27.800;1.526
0;3;130.500;34.000;27.900;1.513
0;3;131.100;34.400;28.000;1.501
0;3;131.700;34.800;28.000;1.488
0;3;132.300;35.300;28.100;1.475
0;3;132.900;35.700;28.100;1.462
0;3;133.500;36.200;28.200;1.448
0;3;134.100;36.700;28.300;1.435
0;3;134.700;37.200;28.300;1.422
0;3;135.200;37.700;28.400;1.409
0;3;135.800;38.200;28.400;1.395
0;3;136.400;38.800;28.500;1.382
0;3;136.900;39.300;28.500;1.368
0;3;137.500;39.900;28.600;1.355
0;3;138.100;40.500;28.600;1.341
0;3;138.600;41.100;28.700;1.328
0;3;139.100;41.700;28.700;1.314
0;3;139.700;42.300;28.800;1.301
0;3;140.200;42.900;28.800;1.287
0;3;140.700;43.600;28.900;1.274
0;3;141.200;44.200;28.900;1.260
0;3;141.700;44.900;29.000;1.247
0;3;142.200;45.500;29.000;1.234
0;3;142.700;46.200;29.000;1.221
0;3;143.200;46.900;29.100;1.207
0;3;143.600;47.600;29.100;1.194
0;3;144.100;48.300;29.100;1.181
0;3;144.600;49.000;29.100;1.169
0;3;145.000;49.700;29.100;1.156
0;3;145.400;50.500;29.200;1.143
0;3;145.900;51.200;29.200;1.131
0;3;146.300;52.000;29.200;1.118
0;3;146.700;52.700;29.200;1.106
0;3;147.100;53.400;29.200;1.094
0;3;147.500;54.200;29.200;1.082
0;3;147.800;55.000;29.200;1.071
0;3;148.200;55.700;29.100;1.059
0;3;148.600;56.500;29.100;1.048
0;3;148.900;57.300;29.100;1.037
0;3;149.200;58.100;29.100;1.026
0;3;149.600;58.800;29.000;1.015
0;3;149.900;59.600;29.000;1.005
0;3;150.200;60.400;29.000;0.995
0;3;150.500;61.200;28.900;0.985
0;3;150.700;62.000;28.900;0.975
0;3;151.000;62.800;28.800;0.966
0;3;151.200;63.600;28.700;0.957
0;3;151.500;64.400;28.700;0.948
0;3;151.700;65.200;28.600;0.939
0;3;151.900;65.900;28.500;0.931
0;3;152.100;66.700;28.400;0.923
0;3;152.300;67.500;28.300;0.916
0;3;152.500;68.300;28.200;0.908
0;3;152.600;69.100;28.100;0.901
0;3;152.800;69.900;28.000;0.895
0;3;152.900;70.700;27.900;0.889
0;3;153.000;71.400;27.700;0.883
0;3;153.100;72.200;27.600;0.877
0;3;153.200;73.000;27.400;0.872
0;3;153.300;73.800;27.300;0.868
0;3;153.300;74.500;27.100;0.863
0;3;153.400;75.300;27.000;0.860
0;3;153.400;76.000;26.800;0.856
0;3;153.400;76.800;26.600;0.853
0;3;153.400;77.500;26.400;0.851
0;3;153.400;78.300;26.200;0.849
0;3;153.300;79.000;26.000;0.847
0;3;153.300;79.700;25.800;0.846
0;3;153.200;80.400;25.500;0.845
0;3;153.100;81.100;25.300;0.845
0;3;153.000;81.800;25.100;0.846
0;3;152.900;82.500;24.800;0.846
0;3;152.800;83.200;24.500;0.848
0;3;152.600;83.900;24.300;0.850
0;3;152.400;84.500;24.000;0.852
0;3;152.200;85.200;23.700;0.855
0;3;152.000;85.800;23.400;0.859
0;3;151.800;86.500;23.100;0.863
0;3;151.500;87.100;22.800;0.867
0;3;151.300;87.700;22.400;0.873
0;3;151.000;88.300;22.100;0.879
0;3;150.700;88.900;21.700;0.885
0;3;150.400;89.500;21.400;0.892
0;3;150.000;90.000;21.000;0.900
0;4;50.600;55.500;21.400;1.411
0;4;51.400;55.800;21.700;1.424
0;4;52.100;56.000;22.000;1.436
0;4;52.800;56.300;22.300;1.447
0;4;53.500;56.600;22.600;1.457
0;4;54.200;56.900;22.900;1.466
0;4;54.900;57.200;23.200;1.474
0;4;55.600;57.600;23.500;1.481
0;4;56.300;57.900;23.700;1.487
0;4;57.000;58.300;24.000;1.491
0;4;57.700;58.600;24.200;1.495
0;4;58.400;59.000;24.400;1.497
0;4;59.100;59.500;24.700;1.498
0;4;59.700;59.900;24.900;1.497
0;4;60.400;60.400;25.100;1.496
0;4;61.000;60.800;25.200;1.493
0;4;61.600;61.300;25.400;1.488
0;4;62.300;61.800;25.600;1.483
0;4;62.900;62.400;25.700;1.476
0;4;63.500;62.900;25.900;1.468
0;4;64.100;63.500;26.000;1.460
0;4;64.700;64.000;26.100;1.450
0;4;65.300;64.600;26.300;1.439
0;4;65.900;65.200;26.400;1.427
0;4;66.400;65.800;26.500;1.415
0;4;67.000;66.400;26.600;1.402
0;4;67.600;67.000;26.700;1.388
0;4;68.200;67.600;26.800;1.373
0;4;68.700;68.300;26.900;1.358
0;4;69.300;68.900;27.000;1.342
0;4;69.900;69.500;27.100;1.326
0;4;70.400;70.100;27.200;1.309
0;4;71.000;70.800;27.300;1.292
0;4;71.500;71.400;27.500;1.274
0;4;72.100;72.000;27.600;1.256
0;4;72.600;72.600;27.700;1.238
0;4;73.200;73.300;27.800;1.220
0;4;73.700;73.900;27.900;1.201
0;4;74.300;74.500;28.100;1.183
0;4;74.900;75.100;28.200;1.164
0;4;75.400;75.700;28.400;1.146
0;4;76.000;76.200;28.600;1.127
0;4;76.500;76.800;28.700;1.109
0;4;77.100;77.400;28.900;1.090
0;4;77.700;77.900;29.100;1.072
0;4;78.300;78.400;29.300;1.055
0;4;78.800;78.900;29.600;1.037
0;4;79.400;79.400;29.800;1.020
0;4;80.000;79.900;30.100;1.004
0;4;80.600;80.400;30.300;0.988
0;4;81.200;80.800;30.600;0.972
0;4;81.800;81.200;30.900;0.957
0;4;82.400;81.600;31.200;0.942
0;4;83.000;82.000;31.600;0.928
0;4;83.700;82.400;31.900;0.915
0;4;84.300;82.700;32.300;0.901
0;4;84.900;83.000;32.600;0.888
0;4;85.600;83.400;33.000;0.876
0;4;86.200;83.700;33.400;0.864
0;4;86.800;84.000;33.800;0.853
0;4;87.500;84.200;34.200;0.841
0;4;88.100;84.500;34.600;0.831
0;4;88.800;84.800;35.000;0.820
0;4;89.500;85.000;35.500;0.810
0;4;90.100;85.200;35.900;0.801
0;4;90.800;85.500;36.400;0.791
0;4;91.500;85.700;36.800;0.782
0;4;92.200;85.900;37.300;0.774
0;4;92.800;86.100;37.700;0.766
0;4;93.500;86.300;38.200;0.758
0;4;94.200;86.500;38.600;0.750
0;4;94.900;86.600;39.100;0.743
0;4;95.600;86.800;39.600;0.736
0;4;96.300;87.000;40.000;0.729
0;4;97.000;87.100;40.500;0.723
0;4;97.700;87.300;41.000;0.717
0;4;98.400;87.500;41.400;0.711
0;4;99.100;87.600;41.900;0.705
0;4;99.800;87.800;42.300;0.700
0;4;100.600;87.900;42.800;0.695
0;4;101.300;88.100;43.200;0.690
0;4;102.000;88.200;43.700;0.686
0;4;102.700;88.400;44.100;0.681
0;4;103.400;88.500;44.500;0.677
0;4;104.200;88.700;45.000;0.673
0;4;104.900;88.800;45.400;0.670
0;4;105.600;89.000;45.800;0.666
0;4;106.400;89.200;46.200;0.663
0;4;107.100;89.300;46.600;0.659
0;4;107.800;89.500;46.900;0.656
0;4;108.600;89.700;47.300;0.653
0;4;109.300;89.900;47.700;0.651
0;4;110.000;90.100;48.000;0.648
0;4;110.800;90.300;48.300;0.646
0;4;111.500;90.500;48.600;0.643
0;4;112.300;90.700;48.900;0.641
0;4;113.000;90.900;49.200;0.639
0;4;113.700;91.100;49.500;0.637
0;4;114.500;91.400;49.700;0.635
0;4;115.200;91.600;50.000;0.633
0;4;116.000;91.900;50.200;0.631
0;4;116.700;92.200;50.400;0.630
0;4;117.500;92.500;50.600;0.628
0;4;118.200;92.800;50.700;0.626
0;4;118.900;93.100;50.900;0.625
0;4;119.700;93.400;51.000;0.623
0;4;120.400;93.800;51.100;0.622
0;4;121.200;94.100;51.100;0.620
0;4;121.900;94.500;51.200;0.619
0;4;122.700;94.900;51.200;0.617
0;4;123.400;95.300;51.200;0.616
0;4;124.100;95.800;51.200;0.614
0;4;124.900;96.200;51.100;0.613
0;4;125.600;96.700;51.100;0.611
0;4;126.300;97.200;51.000;0.610
0;4;127.100;97.700;50.800;0.608
0;4;127.800;98.200;50.700;0.606
0;4;128.500;98.800;50.500;0.604
0;4;129.300;99.400;50.300;0.602
0;4;130.000;100.000;50.000;0.601
1;8;114.800;15.600;8.500;0.618
1;8;114.200;16.100;8.700;0.637
1;8;113.500;16.600;8.900;0.658
1;8;112.900;17.200;9.100;0.680
1;8;112.200;17.700;9.300;0.703
1;8;111.600;18.300;9.500;0.728
1;8;111.000;18.900;9.600;0.753
1;8;110.400;19.500;9.800;0.780
1;8;109.900;20.100;10.000;0.808
1;8;109.300;20.700;10.200;0.837
1;8;108.800;21.300;10.400;0.867
1;8;108.300;22.000;10.600;0.897
1;8;107.700;22.600;10.800;0.929
1;8;107.200;23.300;11.000;0.961
1;8;106.800;24.000;11.200;0.994
1;8;106.300;24.600;11.400;1.027
1;8;105.800;25.300;11.600;1.061
1;8;105.400;26.100;11.800;1.096
1;8;104.900;26.800;12.000;1.131
1;8;104.500;27.500;12.200;1.166
1;8;104.100;28.200;12.400;1.202
1;8;103.700;29.000;12.600;1.238
1;8;103.300;29.800;12.800;1.274
1;8;102.900;30.500;13.000;1.310
1;8;102.600;31.300;13.200;1.347
1;8;102.200;32.100;13.400;1.383
1;8;101.900;32.900;13.600;1.419
1;8;101.500;33.700;13.800;1.456
1;8;101.200;34.500;14.000;1.492
1;8;100.900;35.300;14.200;1.527
1;8;100.600;36.200;14.400;1.563
1;8;100.300;37.000;14.600;1.598
1;8;100.000;37.800;14.900;1.633
1;8;99.700;38.700;15.100;1.667
1;8;99.400;39.600;15.300;1.701
1;8;99.200;40.400;15.500;1.734
1;8;98.900;41.300;15.700;1.767
1;8;98.700;42.200;15.900;1.799
1;8;98.400;43.000;16.100;1.830
1;8;98.200;43.900;16.300;1.860
1;8;98.000;44.800;16.500;1.889
1;8;97.700;45.700;16.700;1.918
1;8;97.500;46.600;16.900;1.945
1;8;97.300;47.500;17.100;1.972
1;8;97.100;48.400;17.400;1.997
1;8;96.900;49.400;17.600;2.021
1;8;96.700;50.300;17.800;2.044
1;8;96.600;51.200;18.000;2.065
1;8;96.400;52.100;18.200;2.085
1;8;96.200;53.100;18.400;2.104
1;8;96.100;54.000;18.600;2.121
1;8;95.900;54.900;18.800;2.137
1;8;95.700;55.900;19.000;2.151
1;8;95.600;56.800;19.300;2.163
1;8;95.400;57.800;19.500;2.173
1;8;95.300;58.700;19.700;2.182
1;8;95.100;59.600;19.900;2.189
1;8;95.000;60.600;20.100;2.194
1;8;94.900;61.500;20.300;2.197
1;8;94.700;62.500;20.500;2.199
1;8;94.600;63.400;20.800;2.198
1;8;94.500;64.400;21.000;2.196
1;8;94.300;65.300;21.200;2.193
1;8;94.200;66.200;21.400;2.188
1;8;94.000;67.200;21.600;2.183
1;8;93.900;68.100;21.800;2.175
1;8;93.700;69.000;22.000;2.167
1;8;93.500;69.900;22.300;2.158
1;8;93.400;70.800;22.500;2.149
1;8;93.200;71.600;22.700;2.138
1;8;93.000;72.500;22.900;2.127
1;8;92.700;73.300;23.100;2.115
1;8;92.500;74.200;23.300;2.103
1;8;92.300;75.000;23.500;2.091
1;8;92.000;75.700;23.800;2.079
1;8;91.700;76.500;24.000;2.066
1;8;91.400;77.200;24.200;2.054
1;8;91.000;78.000;24.400;2.041
1;8;90.700;78.700;24.600;2.029
1;8;90.300;79.300;24.800;2.018
1;8;89.900;80.000;25.000;2.006
1;8;89.500;80.600;25.200;1.996
1;8;89.000;81.200;25.400;1.986
1;8;88.500;81.700;25.600;1.976
1;8;88.000;82.200;25.800;1.967
1;8;87.500;82.700;26.000;1.959
1;8;86.900;83.200;26.200;1.951
1;8;86.400;83.700;26.400;1.943
1;8;85.800;84.100;26.600;1.936
1;8;85.100;84.500;26.800;1.929
1;8;84.500;84.900;27.000;1.923
1;8;83.800;85.300;27.200;1.917
1;8;83.100;85.600;27.400;1.911
1;8;82.400;85.900;27.600;1.906
1;8;81.700;86.200;27.800;1.901
1;8;81.000;86.500;28.000;1.896
1;8;80.200;86.800;28.200;1.892
1;8;79.400;87.000;28.300;1.888
1;8;78.600;87.200;28.500;1.884
1;8;77.800;87.500;28.700;1.881
1;8;77.000;87.700;28.900;1.877
1;8;76.100;87.800;29.100;1.874
1;8;75.300;88.000;29.200;1.871
1;8;74.400;88.200;29.400;1.868
1;8;73.500;88.300;29.600;1.865
1;8;72.600;88.400;29.700;1.862
1;8;71.700;88.500;29.900;1.860
1;8;70.800;88.600;30.100;1.857
1;8;69.800;88.700;30.200;1.854
1;8;68.900;88.800;30.400;1.852
1;8;67.900;88.900;30.500;1.849
1;8;67.000;88.900;30.700;1.847
1;8;66.000;89.000;30.800;1.844
1;8;65.000;89.100;31.000;1.842
1;8;64.000;89.100;31.100;1.839
1;8;63.000;89.100;31.200;1.836
1;8;62.000;89.200;31.400;1.833
1;8;61.000;89.200;31.500;1.830
1;8;60.000;89.200;31.600;1.827
1;8;58.900;89.200;31.800;1.824
1;8;57.900;89.200;31.900;1.820
1;8;56.900;89.300;32.000;1.816
1;8;55.900;89.300;32.100;1.812
1;8;54.800;89.300;32.200;1.808
1;8;53.800;89.300;32.300;1.803
1;8;52.700;89.300;32.400;1.799
1;8;51.700;89.300;32.500;1.793
1;8;50.700;89.300;32.600;1.788
1;8;49.600;89.300;32.700;1.782
1;8;48.600;89.400;32.800;1.776
1;8;47.500;89.400;32.900;1.769
1;8;46.500;89.400;32.900;1.762
1;8;45.500;89.500;33.000;1.755
1;8;44.400;89.500;33.100;1.747
1;8;43.400;89.500;33.100;1.739
1;8;42.400;89.600;33.200;1.730
1;8;41.400;89.600;33.300;1.720
1;8;40.300;89.700;33.300;1.710
1;8;39.300;89.800;33.300;1.700
1;8;38.300;89.900;33.400;1.689
1;8;37.300;90.000;33.400;1.677
1;8;36.400;90.100;33.500;1.665
1;8;35.400;90.200;33.500;1.652
1;8;34.400;90.300;33.500;1.639
1;8;33.400;90.500;33.500;1.625
1;8;32.500;90.700;33.500;1.610
1;8;31.600;90.800;33.500;1.594
1;8;30.600;91.000;33.500;1.578
1;8;29.700;91.200;33.500;1.561
1;8;28.800;91.400;33.500;1.543
1;8;27.900;91.700;33.500;1.524
1;8;27.000;91.900;33.500;1.505
1;8;26.200;92.200;33.400;1.485
1;8;25.300;92.500;33.400;1.464
1;8;24.500;92.800;33.400;1.442
1;8;23.700;93.200;33.300;1.419
1;8;22.900;93.500;33.300;1.395
1;8;22.100;93.900;33.200;1.370
1;8;21.300;94.300;33.100;1.345
1;8;20.600;94.700;33.100;1.318
1;8;19.800;95.100;33.000;1.290
1;5;10.000;110.000;30.000;0.501
1;5;10.200;108.900;30.200;0.553
1;5;10.500;107.900;30.400;0.603
1;5;10.800;106.900;30.600;0.651
1;5;11.100;106.000;30.800;0.699
1;5;11.500;105.100;31.000;0.745
1;5;11.900;104.200;31.200;0.790
1;5;12.300;103.400;31.400;0.833
1;5;12.700;102.600;31.500;0.875
1;5;13.200;101.800;31.700;0.916
1;5;13.700;101.000;31.800;0.956
1;5;14.200;100.300;32.000;0.995
1;5;14.700;99.600;32.100;1.032
1;5;15.300;99.000;32.300;1.068
1;5;15.900;98.300;32.400;1.103
1;5;16.500;97.700;32.500;1.137
1;5;17.100;97.200;32.600;1.170
1;5;17.800;96.600;32.700;1.202
1;5;18.400;96.100;32.800;1.232
1;5;19.100;95.600;32.900;1.262
1;5;19.800;95.100;33.000;1.290
1;6;19.800;95.100;33.000;1.290
1;6;20.200;94.300;33.300;1.280
1;6;20.500;93.500;33.600;1.270
1;6;20.900;92.700;33.900;1.260
1;6;21.200;92.000;34.200;1.249
1;6;21.600;91.200;34.400;1.239
1;6;21.900;90.400;34.700;1.229
1;6;22.300;89.700;34.900;1.219
1;6;22.600;88.900;35.100;1.209
1;6;23.000;88.200;35.400;1.199
1;6;23.300;87.500;35.600;1.189
1;6;23.700;86.800;35.800;1.180
1;6;24.100;86.100;36.000;1.170
1;6;24.400;85.400;36.100;1.160
1;6;24.800;84.700;36.300;1.151
1;6;25.200;84.000;36.400;1.141
1;6;25.500;83.300;36.600;1.132
1;6;25.900;82.600;36.700;1.122
1;6;26.300;82.000;36.800;1.113
1;6;26.700;81.300;37.000;1.104
1;6;27.100;80.700;37.100;1.095
1;6;27.400;80.100;37.100;1.086
1;6;27.800;79.400;37.200;1.076
1;6;28.200;78.800;37.300;1.067
1;6;28.600;78.200;37.400;1.059
1;6;29.000;77.600;37.400;1.050
1;6;29.400;77.000;37.500;1.041
1;6;29.800;76.400;37.500;1.032
1;6;30.200;75.900;37.500;1.023
1;6;30.600;75.300;37.500;1.015
1;6;31.000;74.700;37.500;1.006
1;6;31.400;74.200;37.500;0.998
1;6;31.800;73.600;37.500;0.989
1;6;32.200;73.100;37.500;0.981
1;6;32.600;72.500;37.500;0.973
1;6;33.000;72.000;37.400;0.964
1;6;33.400;71.500;37.400;0.956
1;6;33.900;71.000;37.400;0.948
1;6;34.300;70.500;37.300;0.940
1;6;34.700;70.000;37.200;0.932
1;6;35.100;69.500;37.200;0.924
1;6;35.500;69.000;37.100;0.916
1;6;36.000;68.500;37.000;0.909
1;6;36.400;68.000;36.900;0.901
1;6;36.800;67.600;36.800;0.893
1;6;37.200;67.100;36.700;0.886
1;6;37.700;66.600;36.500;0.878
1;6;38.100;66.200;36.400;0.871
1;6;38.500;65.700;36.300;0.863
1;6;39.000;65.300;36.200;0.856
1;6;39.400;64.900;36.000;0.849
1;6;39.800;64.400;35.900;0.842
1;6;40.300;64.000;35.700;0.834
1;6;40.700;63.600;35.500;0.827
1;6;41.200;63.200;35.400;0.820
1;6;41.600;62.800;35.200;0.814
1;6;42.100;62.400;35.000;0.807
1;6;42.500;62.000;34.800;0.800
1;6;43.000;61.600;34.600;0.793
1;6;43.400;61.200;34.400;0.787
1;6;43.900;60.800;34.200;0.780
1;6;44.300;60.400;34.000;0.774
1;6;44.800;60.000;33.800;0.767
1;6;45.200;59.700;33.600;0.761
1;6;45.700;59.300;33.400;0.755
1;6;46.100;58.900;33.100;0.748
1;6;46.600;58.600;32.900;0.742
1;6;47.100;58.200;32.700;0.736
1;6;47.500;57.900;32.400;0.730
1;6;48.000;57.500;32.200;0.724
1;6;48.500;57.200;31.900;0.718
1;6;48.900;56.900;31.700;0.713
1;6;49.400;56.500;31.400;0.707
1;6;49.900;56.200;31.100;0.701
1;6;50.300;55.900;30.900;0.696
1;6;50.800;55.600;30.600;0.690
1;6;51.300;55.200;30.300;0.685
1;6;51.800;54.900;30.100;0.680
1;6;52.200;54.600;29.800;0.674
1;6;52.700;54.300;29.500;0.669
1;6;53.200;54.000;29.200;0.664
1;6;53.700;53.700;28.900;0.659
1;6;54.200;53.400;28.600;0.654
1;6;54.600;53.100;28.300;0.649
1;6;55.100;52.800;28.100;0.644
1;6;55.600;52.500;27.800;0.639
1;6;56.100;52.200;27.500;0.635
1;6;56.600;51.900;27.200;0.630
1;6;57.100;51.600;26.800;0.626
1;6;57.600;51.400;26.500;0.621
1;6;58.100;51.100;26.200;0.617
1;6;58.500;50.800;25.900;0.612
1;6;59.000;50.500;25.600;0.608
1;6;59.500;50.300;25.300;0.604
1;6;60.000;50.000;25.000;0.600
1;6;60.500;49.700;24.700;0.596
1;6;61.000;49.500;24.400;0.592
1;6;61.500;49.200;24.000;0.588
1;6;62.000;48.900;23.700;0.584
1;6;62.500;48.700;23.400;0.580
1;6;63.000;48.400;23.100;0.577
1;6;63.500;48.100;22.800;0.573
1;6;64.000;47.900;22.400;0.570
1;6;64.500;47.600;22.100;0.566
1;6;65.000;47.400;21.800;0.563
1;6;65.500;47.100;21.500;0.560
1;6;66.000;46.900;21.200;0.557
1;6;66.500;46.600;20.800;0.553
1;6;67.000;46.300;20.500;0.550
1;6;67.600;46.100;20.200;0.547
1;6;68.100;45.800;19.900;0.545
1;6;68.600;45.600;19.600;0.542
1;6;69.100;45.300;19.300;0.539
1;6;69.600;45.100;18.900;0.536
1;6;70.100;44.800;18.600;0.534
1;6;70.600;44.600;18.300;0.531
1;6;71.100;44.300;18.000;0.529
1;6;71.700;44.100;17.700;0.527
1;6;72.200;43.800;17.400;0.524
1;6;72.700;43.600;17.100;0.522
1;6;73.200;43.300;16.800;0.520
1;6;73.700;43.100;16.500;0.518
1;6;74.200;42.800;16.200;0.516
1;6;74.800;42.600;15.900;0.514
1;6;75.300;42.300;15.600;0.512
1;6;75.800;42.100;15.300;0.511
1;6;76.300;41.800;15.000;0.509
1;6;76.800;41.600;14.700;0.508
1;6;77.400;41.300;14.400;0.506
1;6;77.900;41.100;14.100;0.505
1;6;78.400;40.800;13.800;0.503
1;6;78.900;40.500;13.600;0.502
1;6;79.400;40.300;13.300;0.501
1;6;80.000;40.000;13.000;0.500
1;6;80.500;39.800;12.800;0.499
1;6;81.000;39.500;12.500;0.498
1;6;81.500;39.200;12.200;0.497
1;6;82.100;39.000;12.000;0.497
1;6;82.600;38.700;11.700;0.496
1;6;83.100;38.400;11.500;0.495
1;6;83.600;38.100;11.200;0.495
1;6;84.200;37.900;11.000;0.495
1;6;84.700;37.600;10.800;0.494
1;6;85.200;37.300;10.500;0.494
1;6;85.700;37.000;10.300;0.494
1;6;86.300;36.700;10.100;0.494
1;6;86.800;36.500;9.900;0.494
1;6;87.300;36.200;9.600;0.494
1;6;87.900;35.900;9.400;0.494
1;6;88.400;35.600;9.200;0.494
1;6;88.900;35.300;9.000;0.495
1;6;89.500;35.000;8.800;0.495
1;6;90.000;34.700;8.700;0.496
1;6;90.500;34.400;8.500;0.496
1;6;91.000;34.100;8.300;0.497
1;6;91.600;33.800;8.100;0.498
1;6;92.100;33.400;8.000;0.499
1;6;92.600;33.100;7.800;0.500
1;6;93.200;32.800;7.700;0.501
1;6;93.700;32.500;7.500;0.502
1;6;94.200;32.100;7.400;0.503
1;6;94.800;31.800;7.300;0.504
1;6;95.300;31.500;7.200;0.505
1;6;95.800;31.100;7.000;0.507
1;6;96.300;30.800;6.900;0.508
1;6;96.900;30.400;6.800;0.510
1;6;97.400;30.100;6.700;0.512
1;6;97.900;29.700;6.600;0.514
1;6;98.500;29.400;6.600;0.516
1;6;99.000;29.000;6.500;0.517
1;6;99.500;28.600;6.400;0.520
1;6;100.100;28.300;6.400;0.522
1;6;100.600;27.900;6.300;0.524
1;6;101.100;27.500;6.300;0.526
1;6;101.700;27.100;6.300;0.529
1;6;102.200;26.700;6.200;0.531
1;6;102.700;26.300;6.200;0.534
1;6;103.200;25.900;6.200;0.536
1;6;103.800;25.500;6.200;0.539
1;6;104.300;25.100;6.200;0.542
1;6;104.800;24.700;6.200;0.545
1;6;105.400;24.300;6.300;0.548
1;6;105.900;23.800;6.300;0.551
1;6;106.400;23.400;6.400;0.554
1;6;107.000;23.000;6.400;0.558
1;6;107.500;22.500;6.500;0.561
1;6;108.000;22.100;6.600;0.564
1;6;108.500;21.600;6.700;0.568
1;6;109.100;21.100;6.700;0.572
1;6;109.600;20.700;6.900;0.575
1;6;110.100;20.200;7.000;0.579
1;6;110.600;19.700;7.100;0.583
1;6;111.200;19.200;7.200;0.587
1;6;111.700;18.700;7.400;0.591
1;6;112.200;18.200;7.500;0.595
1;6;112.800;17.700;7.700;0.600
1;6;113.300;17.200;7.900;0.604
1;6;113.800;16.700;8.100;0.609
1;6;114.300;16.100;8.300;0.613
1;6;114.800;15.600;8.500;0.618
1;7;114.800;15.600;8.500;0.618
1;7;115.500;15.100;8.300;0.600
1;7;116.200;14.600;8.100;0.584
1;7;117.000;14.200;7.900;0.569
1;7;117.700;13.700;7.700;0.556
1;7;118.500;13.300;7.600;0.545
1;7;119.200;12.900;7.400;0.535
1;7;120.000;12.500;7.200;0.527
1;7;120.900;12.100;7.000;0.521
1;7;121.700;11.700;6.800;0.517
1;7;122.500;11.400;6.600;0.516
1;7;123.400;11.000;6.400;0.516
1;7;124.300;10.700;6.300;0.518
1;7;125.200;10.400;6.100;0.523
1;7;126.100;10.100;5.900;0.529
1;7;127.000;9.900;5.700;0.538
1;7;128.000;9.600;5.500;0.550
1;7;129.000;9.400;5.400;0.564
1;7;130.000;9.200;5.200;0.580
1;7;131.000;9.000;5.000;0.599
2;9;110.000;110.000;5.000;0.800
2;9;110.500;109.000;4.200;0.790
2;9;110.900;108.000;3.400;0.781
2;9;111.400;107.100;2.700;0.773
2;9;111.800;106.200;2.000;0.766
2;9;112.200;105.300;1.400;0.760
2;9;112.600;104.400;0.800;0.755
2;9;113.000;103.600;0.300;0.751
2;9;113.400;102.800;-0.200;0.748
2;9;113.800;102.000;-0.600;0.746
2;9;114.100;101.300;-1.000;0.744
2;9;114.500;100.600;-1.400;0.744
2;9;114.800;99.900;-1.700;0.744
2;9;115.200;99.200;-1.900;0.746
2;9;115.500;98.500;-2.200;0.748
2;9;115.800;97.900;-2.400;0.750
2;9;116.100;97.300;-2.500;0.754
2;9;116.400;96.700;-2.600;0.758
2;9;116.700;96.100;-2.700;0.763
2;9;116.900;95.600;-2.700;0.769
2;9;117.200;95.100;-2.700;0.775
2;9;117.500;94.600;-2.700;0.782
2;9;117.700;94.100;-2.600;0.789
2;9;117.900;93.600;-2.500;0.797
2;9;118.200;93.200;-2.400;0.806
2;9;118.400;92.800;-2.200;0.815
2;9;118.600;92.400;-2.000;0.825
2;9;118.900;92.000;-1.800;0.835
2;9;119.100;91.600;-1.600;0.845
2;9;119.300;91.200;-1.300;0.856
2;9;119.500;90.900;-1.000;0.868
2;9;119.700;90.500;-0.600;0.879
2;9;119.900;90.200;-0.300;0.891
2;9;120.000;89.900;0.100;0.904
2;9;120.200;89.600;0.500;0.917
2;9;120.400;89.300;1.000;0.929
2;9;120.600;89.100;1.400;0.943
2;9;120.800;88.800;1.900;0.956
2;9;120.900;88.600;2.400;0.970
2;9;121.100;88.300;2.900;0.984
2;9;121.300;88.100;3.400;0.998
2;9;121.400;87.900;4.000;1.012
2;9;121.600;87.600;4.500;1.026
2;9;121.800;87.400;5.100;1.040
2;9;121.900;87.200;5.700;1.054
2;9;122.100;87.000;6.300;1.069
2;9;122.300;86.900;6.900;1.083
2;9;122.400;86.700;7.600;1.098
2;9;122.600;86.500;8.200;1.112
2;9;122.800;86.300;8.900;1.126
2;9;122.900;86.200;9.500;1.140
2;9;123.100;86.000;10.200;1.154
2;9;123.300;85.800;10.900;1.168
2;9;123.400;85.700;11.600;1.182
2;9;123.600;85.500;12.300;1.195
2;9;123.800;85.300;13.000;1.209
2;9;124.000;85.200;13.700;1.222
2;9;124.100;85.000;14.400;1.235
2;9;124.300;84.900;15.100;1.247
2;9;124.500;84.700;15.900;1.259
2;9;124.700;84.500;16.600;1.271
2;9;124.900;84.400;17.300;1.283
2;9;125.100;84.200;18.000;1.294
2;9;125.300;84.000;18.700;1.304
2;9;125.500;83.900;19.500;1.315
2;9;125.800;83.700;20.200;1.325
2;9;126.000;83.500;20.900;1.334
2;9;126.200;83.300;21.600;1.343
2;9;126.500;83.100;22.300;1.351
2;9;126.700;82.900;23.000;1.359
2;9;127.000;82.700;23.700;1.366
2;9;127.200;82.500;24.400;1.372
2;9;127.500;82.200;25.000;1.378
2;9;127.800;82.000;25.700;1.383
2;9;128.100;81.700;26.300;1.388
2;9;128.400;81.500;27.000;1.392
2;9;128.700;81.200;27.600;1.395
2;9;129.000;80.900;28.200;1.397
2;9;129.300;80.600;28.800;1.399
2;9;129.600;80.300;29.400;1.400
2;9;130.000;80.000;30.000;1.399
2;9;130.300;79.700;30.500;1.399
2;9;130.700;79.300;31.000;1.397
2;9;131.100;79.000;31.600;1.394
2;9;131.500;78.600;32.100;1.391
2;9;131.900;78.200;32.600;1.387
2;9;132.300;77.800;33.000;1.382
2;9;132.700;77.400;33.500;1.377
2;9;133.100;77.000;33.900;1.371
2;9;133.500;76.600;34.400;1.365
2;9;133.900;76.100;34.800;1.358
2;9;134.300;75.700;35.200;1.350
2;9;134.800;75.200;35.600;1.343
2;9;135.200;74.700;36.000;1.334
2;9;135.600;74.300;36.300;1.326
2;9;136.000;73.800;36.700;1.317
2;9;136.500;73.300;37.000;1.307
2;9;136.900;72.700;37.400;1.298
2;9;137.300;72.200;37.700;1.288
2;9;137.700;71.700;38.000;1.278
2;9;138.200;71.100;38.300;1.268
2;9;138.600;70.600;38.600;1.258
2;9;139.000;70.000;38.900;1.248
2;9;139.400;69.400;39.100;1.238
2;9;139.800;68.900;39.400;1.227
2;9;140.200;68.300;39.700;1.217
2;9;140.500;67.700;39.900;1.207
2;9;140.900;67.100;40.200;1.197
2;9;141.300;66.500;40.400;1.187
2;9;141.600;65.900;40.600;1.178
2;9;142.000;65.200;40.900;1.168
2;9;142.300;64.600;41.100;1.159
2;9;142.600;64.000;41.300;1.150
2;9;142.900;63.300;41.500;1.142
2;9;143.200;62.700;41.700;1.134
2;9;143.500;62.000;41.900;1.126
2;9;143.700;61.400;42.100;1.119
2;9;144.000;60.700;42.300;1.112
2;9;144.200;60.100;42.500;1.106
2;9;144.400;59.400;42.600;1.101
2;9;144.600;58.700;42.800;1.096
2;9;144.700;58.000;43.000;1.091
2;9;144.900;57.400;43.200;1.088
2;9;145.000;56.700;43.400;1.085
2;9;145.100;56.000;43.500;1.083
2;9;145.200;55.300;43.700;1.082
2;9;145.200;54.600;43.900;1.081
2;9;145.200;53.900;44.000;1.082
2;9;145.300;53.200;44.200;1.083
2;9;145.200;52.500;44.400;1.085
2;9;145.200;51.800;44.600;1.088
2;9;145.100;51.100;44.700;1.093
2;9;145.000;50.400;44.900;1.098
2;9;144.900;49.700;45.100;1.105
2;9;144.700;49.000;45.300;1.112
2;9;144.500;48.200;45.400;1.121
2;9;144.300;47.500;45.600;1.130
2;9;144.100;46.800;45.800;1.141
2;9;143.800;46.100;46.000;1.152
2;9;143.600;45.400;46.200;1.163
2;9;143.300;44.700;46.400;1.175
2;9;143.000;44.000;46.600;1.188
2;9;142.800;43.300;46.700;1.201
2;9;142.500;42.600;46.900;1.214
2;9;142.200;41.900;47.100;1.228
2;9;141.900;41.200;47.300;1.241
2;9;141.600;40.500;47.500;1.255
2;9;141.300;39.900;47.600;1.268
2;9;141.100;39.200;47.800;1.281
2;9;140.800;38.500;48.000;1.294
2;9;140.600;37.800;48.200;1.307
2;9;140.400;37.200;48.300;1.319
2;9;140.200;36.500;48.500;1.331
2;9;140.000;35.900;48.700;1.342
2;9;139.800;35.300;48.800;1.352
2;9;139.700;34.600;49.000;1.362
2;9;139.600;34.000;49.100;1.370
2;9;139.600;33.400;49.300;1.378
2;9;139.600;32.800;49.400;1.384
2;9;139.600;32.200;49.500;1.389
2;9;139.700;31.600;49.700;1.394
2;9;139.800;31.000;49.800;1.396
2;9;139.900;30.500;49.900;1.397
2;9;140.200;29.900;50.000;1.397
2;9;140.400;29.400;50.100;1.395
2;9;140.700;28.900;50.200;1.392
2;9;141.100;28.300;50.300;1.387
2;9;141.500;27.800;50.400;1.380
2;9;141.900;27.300;50.400;1.372
2;9;142.400;26.800;50.500;1.363
2;9;142.900;26.300;50.600;1.352
2;9;143.400;25.800;50.600;1.340
2;9;144.000;25.400;50.600;1.327
2;9;144.500;24.900;50.600;1.312
2;9;145.100;24.400;50.600;1.296
2;9;145.600;23.900;50.600;1.279
2;9;146.200;23.400;50.600;1.261
2;9;146.800;23.000;50.600;1.241
2;9;147.300;22.500;50.500;1.221
2;9;147.900;22.000;50.400;1.199
2;9;148.400;21.500;50.400;1.176
2;9;148.900;21.000;50.300;1.153
2;9;149.400;20.500;50.100;1.128
2;9;149.900;20.000;50.000;1.103
2;9;150.300;19.500;49.800;1.076
2;9;150.700;18.900;49.700;1.049
2;9;151.100;18.400;49.500;1.021
2;9;151.400;17.900;49.300;0.992
2;9;151.600;17.300;49.000;0.963
2;9;151.800;16.700;48.800;0.933
2;9;152.000;16.100;48.500;0.902
2;9;152.100;15.500;48.200;0.870
2;9;152.100;14.900;47.900;0.838
2;9;152.000;14.300;47.600;0.805
2;9;151.900;13.600;47.200;0.772
2;9;151.700;12.900;46.800;0.738
2;9;151.400;12.200;46.400;0.704
2;9;151.100;11.500;46.000;0.670
2;9;150.600;10.800;45.500;0.635
2;9;150.000;10.000;45.000;0.599
3;10;78.000;70.000;42.900;0.800
3;10;78.100;67.100;43.300;0.780
3;10;78.200;64.300;43.700;0.761
3;10;78.300;61.600;44.000;0.744
3;10;78.400;59.000;44.300;0.729
3;10;78.400;56.500;44.600;0.715
3;10;78.400;54.100;44.800;0.702
3;10;78.400;51.800;45.000;0.692
3;10;78.400;49.500;45.100;0.682
3;10;78.300;47.400;45.300;0.674
3;10;78.300;45.300;45.300;0.667
3;10;78.200;43.300;45.400;0.662
3;10;78.100;41.400;45.400;0.658
3;10;78.000;39.600;45.300;0.655
3;10;77.800;37.800;45.300;0.654
3;10;77.700;36.200;45.200;0.653
3;10;77.500;34.600;45.100;0.654
3;10;77.300;33.000;44.900;0.656
3;10;77.100;31.600;44.700;0.659
3;10;76.900;30.200;44.500;0.663
3;10;76.700;28.900;44.300;0.668
3;10;76.500;27.700;44.000;0.674
3;10;76.200;26.600;43.700;0.681
3;10;76.000;25.500;43.400;0.689
3;10;75.700;24.500;43.000;0.697
3;10;75.400;23.500;42.700;0.707
3;10;75.100;22.600;42.300;0.717
3;10;74.800;21.800;41.900;0.728
3;10;74.500;21.000;41.400;0.740
3;10;74.200;20.300;41.000;0.753
3;10;73.900;19.700;40.500;0.766
3;10;73.500;19.100;40.000;0.780
3;10;73.200;18.600;39.500;0.794
3;10;72.800;18.200;39.000;0.809
3;10;72.500;17.800;38.400;0.825
3;10;72.100;17.400;37.900;0.841
3;10;71.800;17.100;37.300;0.857
3;10;71.400;16.900;36.700;0.874
3;10;71.000;16.700;36.100;0.891
3;10;70.700;16.600;35.500;0.909
3;10;70.300;16.500;34.900;0.927
3;10;69.900;16.400;34.200;0.945
3;10;69.600;16.400;33.600;0.963
3;10;69.200;16.500;32.900;0.982
3;10;68.800;16.600;32.300;1.001
3;10;68.400;16.700;31.600;1.020
3;10;68.000;16.900;30.900;1.039
3;10;67.700;17.100;30.200;1.058
3;10;67.300;17.400;29.600;1.077
3;10;66.900;17.700;28.900;1.096
3;10;66.600;18.000;28.200;1.115
3;10;66.200;18.400;27.500;1.134
3;10;65.900;18.800;26.800;1.153
3;10;65.500;19.300;26.100;1.172
3;10;65.200;19.700;25.400;1.191
3;10;64.800;20.200;24.700;1.209
3;10;64.500;20.800;24.000;1.227
3;10;64.200;21.400;23.300;1.245
3;10;63.900;22.000;22.600;1.263
3;10;63.600;22.600;22.000;1.280
3;10;63.300;23.200;21.300;1.297
3;10;63.000;23.900;20.600;1.313
3;10;62.700;24.600;19.900;1.329
3;10;62.400;25.300;19.300;1.344
3;10;62.200;26.100;18.600;1.359
3;10;61.900;26.800;18.000;1.373
3;10;61.700;27.600;17.400;1.387
3;10;61.500;28.400;16.700;1.400
3;10;61.300;29.200;16.100;1.413
3;10;61.100;30.000;15.500;1.424
3;10;60.900;30.900;15.000;1.435
3;10;60.700;31.700;14.400;1.446
3;10;60.600;32.600;13.800;1.455
3;10;60.500;33.500;13.300;1.463
3;10;60.300;34.400;12.800;1.471
3;10;60.300;35.300;12.300;1.478
3;10;60.200;36.200;11.800;1.484
3;10;60.100;37.100;11.300;1.488
3;10;60.100;38.000;10.900;1.492
3;10;60.100;38.900;10.500;1.495
3;10;60.100;39.900;10.100;1.497
3;10;60.100;40.800;9.700;1.497
3;10;60.100;41.700;9.300;1.497
3;10;60.200;42.600;9.000;1.495
3;10;60.300;43.600;8.700;1.492
3;10;60.400;44.500;8.400;1.489
3;10;60.500;45.400;8.100;1.484
3;10;60.600;46.300;7.900;1.479
3;10;60.800;47.300;7.600;1.472
3;10;60.900;48.200;7.400;1.465
3;10;61.100;49.100;7.200;1.457
3;10;61.300;50.100;7.100;1.448
3;10;61.500;51.000;6.900;1.439
3;10;61.700;52.000;6.800;1.428
3;10;61.900;52.900;6.700;1.417
3;10;62.200;53.900;6.600;1.406
3;10;62.400;54.800;6.500;1.394
3;10;62.700;55.800;6.400;1.381
3;10;63.000;56.700;6.400;1.368
3;10;63.200;57.700;6.400;1.354
3;10;63.500;58.700;6.400;1.340
3;10;63.800;59.600;6.400;1.326
3;10;64.100;60.600;6.400;1.311
3;10;64.400;61.600;6.500;1.296
3;10;64.700;62.500;6.500;1.280
3;10;65.000;63.500;6.600;1.265
3;10;65.300;64.500;6.700;1.249
3;10;65.600;65.500;6.800;1.232
3;10;66.000;66.500;7.000;1.216
3;10;66.300;67.500;7.100;1.200
3;10;66.600;68.500;7.300;1.183
3;10;66.900;69.500;7.400;1.167
3;10;67.200;70.500;7.600;1.150
3;10;67.500;71.500;7.800;1.133
3;10;67.800;72.500;8.000;1.117
3;10;68.200;73.600;8.300;1.101
3;10;68.500;74.600;8.500;1.084
3;10;68.800;75.600;8.800;1.068
3;10;69.000;76.700;9.000;1.052
3;10;69.300;77.700;9.300;1.037
3;10;69.600;78.700;9.600;1.021
3;10;69.900;79.800;9.900;1.006
3;10;70.100;80.900;10.200;0.992
3;10;70.400;81.900;10.500;0.978
3;10;70.600;83.000;10.900;0.964
3;10;70.900;84.000;11.200;0.950
3;10;71.100;85.100;11.600;0.937
3;10;71.300;86.200;11.900;0.924
3;10;71.500;87.200;12.300;0.911
3;10;71.700;88.300;12.700;0.899
3;10;71.900;89.400;13.100;0.887
3;10;72.100;90.400;13.500;0.876
3;10;72.300;91.400;13.900;0.865
3;10;72.500;92.500;14.300;0.854
3;10;72.700;93.500;14.800;0.844
3;10;72.800;94.500;15.200;0.833
3;10;73.000;95.500;15.700;0.824
3;10;73.100;96.500;16.100;0.814
3;10;73.300;97.400;16.600;0.805
3;10;73.400;98.400;17.000;0.796
3;10;73.600;99.300;17.500;0.788
3;10;73.700;100.200;18.000;0.780
3;10;73.800;101.100;18.400;0.772
3;10;73.900;101.900;18.900;0.764
3;10;74.000;102.800;19.400;0.757
3;10;74.100;103.600;19.900;0.750
3;10;74.200;104.400;20.400;0.744
3;10;74.300;105.100;20.900;0.738
3;10;74.400;105.800;21.400;0.732
3;10;74.500;106.500;21.900;0.726
3;10;74.600;107.200;22.400;0.721
3;10;74.700;107.800;22.900;0.716
3;10;74.800;108.400;23.400;0.711
3;10;74.900;108.900;23.900;0.707
3;10;74.900;109.400;24.400;0.703
3;10;75.000;109.900;24.900;0.699
3;10;75.100;110.300;25.500;0.696
3;10;75.200;110.700;26.000;0.693
3;10;75.200;111.100;26.500;0.690
3;10;75.300;111.400;27.000;0.687
3;10;75.300;111.600;27.500;0.685
3;10;75.400;111.800;28.000;0.683
3;10;75.500;112.000;28.500;0.681
3;10;75.500;112.100;29.000;0.680
3;10;75.600;112.100;29.500;0.679
3;10;75.600;112.100;30.000;0.678
3;10;75.700;112.000;30.500;0.677
3;10;75.700;111.900;31.000;0.677
3;10;75.800;111.700;31.500;0.677
3;10;75.800;111.500;32.000;0.677
3;10;75.900;111.200;32.400;0.677
3;10;75.900;110.900;32.900;0.678
3;10;76.000;110.400;33.400;0.679
3;10;76.000;110.000;33.900;0.681
3;10;76.100;109.400;34.300;0.682
3;10;76.100;108.800;34.800;0.684
3;10;76.200;108.100;35.200;0.686
3;10;76.200;107.300;35.600;0.688
3;10;76.300;106.500;36.100;0.691
3;10;76.300;105.600;36.500;0.694
3;10;76.400;104.600;36.900;0.697
3;10;76.400;103.600;37.300;0.700
3;10;76.500;102.400;37.700;0.704
3;10;76.600;101.200;38.100;0.708
3;10;76.600;99.900;38.500;0.712
3;10;76.700;98.600;38.900;0.716
3;10;76.800;97.100;39.200;0.720
3;10;76.800;95.600;39.600;0.725
3;10;76.900;93.900;39.900;0.730
3;10;77.000;92.200;40.200;0.735
3;10;77.100;90.400;40.600;0.741
3;10;77.200;88.500;40.900;0.747
3;10;77.300;86.500;41.200;0.753
3;10;77.300;84.500;41.500;0.759
3;10;77.400;82.300;41.700;0.765
3;10;77.500;80.000;42.000;0.772
3;10;77.700;77.700;42.200;0.778
3;10;77.800;75.200;42.500;0.785
3;10;77.900;72.700;42.700;0.793
3;10;78.000;70.000;42.900;0.800
